,address,amount,percentOfTotal
0,9esvkm1fV4vP8mEAfbMEDCX2MW5WMTM2jfPxpYa2bGYY7MKzMzj,346604453.52,86.65111338
1,Y2JDKcXN5zrz3NxpJqhGcJzgPRqQcmMhLqsX3TkkqMxQKK86Sh3hAZUuUweRZ97SLuCYLiB2duoEpYY2Zim3j5aJrDQcsvwyLG2ixLLzgMaWfBhTqxSbv1VgQQkVMKrA4Cx6AiyWJdeXSJA6UMmkGcxNCANbCw7dmrDS6KbnraTAJh6Qj6s9r56pWMeTXKWFxDQSnmB4oZ1o1y6eqyPgamRsoNuEjFBJtkTWKqYoF8FsvquvbzssZMpF6FhA1fkiH3n8oKpxARWRLjx2QwsL6W5hyydZ8VFK3SqYswFvRnCme5Ywi4GvhHeeukW4w1mhVx6sbAaJihWLHvsybRXLWToUXcqXfqYAGyVRJzD1rCeNa8kUb7KHRbzgynHCZR68Khi3G7urSunB9RPTp1EduL264YV5pmRLtoNnH9mf2hAkkmqwydi9LoULxrwsRvp,30061112.97,7.5152782425
2,9gibNzudNny7MtB725qGM3Pqftho1SMpQJ2GYLYRDDAftMaC285,7380014.0,1.8450035
3,5vSUZRZbdVbnk4sJWjg2uhL94VZWRg4iatK9VgMChufzUgdihgvhR8yWSUEJKszzV7Vmi6K8hCyKTNhUaiP8p5ko6YEU9yfHpjVuXdQ4i5p4cRCzch6ZiqWrNukYjv7Vs5jvBwqg5hcEJ8u1eerr537YLWUoxxi1M4vQxuaCihzPKMt8NDXP4WcbN6mfNxxLZeGBvsHVvVmina5THaECosCWozKJFBnscjhpr3AJsdaL8evXAvPfEjGhVMoTKXAb2ZGGRmR8g1eZshaHmgTg2imSiaoXU5eiF3HvBnDuawaCtt674ikZ3oZdekqswcVPGMwqqUKVsGY4QuFeQoGwRkMqEYTdV2UDMMsfrjrBYQYKUBFMwsQGMNBL1VoY78aotXzdeqJCBVKbQdD3ZZWvukhSe4xrz8tcF3PoxpysDLt89boMqZJtGEHTV9UBTBEac6sDyQP693qT3nKaErN8TCXrJBUmHPqKozAg9bwxTqMYkpmb9iVKLSoJxG7MjAj72SRbcqQfNCVTztSwN3cRxSrVtz4p87jNFbVtFzhPg7UqDwNFTaasySCqM,2360292.0100000002,0.5900730025
4,9gmFfWcGRVQ6Kwy2XUeaZS9MGkR3k5uRmZLxQCQULimyzqG8twC,1647849.2,0.4119623
5,9gDwFHximJuS52hunTqbnGPms9joQBCQ39AASZpLPFUgYRSjjDW,975000.0,0.24375
6,9gDRYMhFwz2FjAcyYxgSqbwTmRzbkkx6vMujcRPLJWuxWd57q1S,885000.0,0.22125
7,3gb1RZucekcRdda82TSNS4FZSREhGLoi1FxGDmMZdVeLtYYixPRviEdYireoM9RqC6Jf4kx85Y1jmUg5XzGgqdjpkhHm7kJZdgUR3VBwuLZuyHVqdSNv3eanqpknYsXtUwvUA16HFwNa3HgVRAnGC8zj8U7kksrfjycAM1yb19BB4TYR2BKWN7mpvoeoTuAKcAFH26cM46CEYsDRDn832wVNTLAmzz4Q6FqE29H9euwYzKiebgxQbWUxtupvfSbKaHpQcZAo5Dhyc6PFPyGVFZVRGZZ4Kftgi1NMRnGwKG7NTtXsFMsJP6A7yvLy8UZaMPe69BUAkpbSJdcWem3WpPUE7UpXv4itDkS5KVVaFtVyfx8PQxzi2eotP2uXtfairHuKinbpSFTSFKW3GxmXaw7vQs1JuVd8NhNShX6hxSqCP6sxojrqBxA48T2KcxNrmE3uFk7Pt4vPPdMAS4PW6UU82UD9rfhe3SMytK6DkjCocuRwuNqFoy4k25TXbGauTNgKuPKY3CxgkTpw9WfWsmtei178tLefhUEGJueueXSZo7negPYtmcYpoMhCuv4G1JZc283Q7f3mNXS,675620.76,0.16890519
8,9f6h7RxTkSA98AHPAj54oELWKrPE2He2e5xTwHbUxMpQnC96ZJt,663224.48,0.16580612
9,9i8orhhVPQpcWBpqHjCJP48R8SK7h61d9io5dbhPsFcKKqszUBp,499077.78,0.124769445
10,9iKQWQY1YWEo1yKS19RgVd3NMwzVsFkxgSsUL9g1P9irr5dsFSB,483363.32,0.12084083
11,9fbzAZAQauntRwsnCNFPb7DzT7854qWp4uxeWrhgiscW43aFGfN,388199.29,0.0970498225
12,9hN5z9tnWvM4SjQFo9MQxc5vymBa13ALXeFL8UssU1Poj8hyxPV,222213.33000000002,0.0555533325
13,9eYUQP7tZFSa34NzXYP6VzDC6kHWBZRwEw4pXEHC2MWGs75vCAS,222212.33000000002,0.0555530825
14,9hvB5rJhbN9LnwmiyBiNwcJGHN1GVHQyxZM33Bc4JRBBfQBaxVP,222198.66,0.055549665
15,9hd7fgHCFMb5EzP34QL3P9KtkknMbbmKH5cFFugJDwvLMtr2egP,217171.66,0.054292915
16,9epbtawt4ppto8P6UVaD12g3Yrzy3usJbJ6NF6YVDM6kKcuoswp,217171.66,0.054292915
17,9iLzpvyTbfmHxyiWURjjjopoRsY4t5mYD4nPWd27JyhaFzJV8Qw,202218.33000000002,0.0505545825
18,9f96HFjwVc8Dg5EZpR4v7ttYbf7hQ6TEgWVotWT7b9M3xAn9Eod,188880.0,0.04722
19,9gma5GwTDfAmfs2mJQVugdXNazRaqeAmA43kpUVaHvm7djix45t,167000.0,0.04175
20,9htJf9LcukjA3ziSeyopcHbN9u9U8w6mXwFDi3g3Jjjesygue9n,166666.66,0.041666665
21,9gD2ECMEFwT4vTScPVRAvkn1itWtE224TveyYFhJjhMdaKMP6zR,131000.0,0.03275
22,9gjBF8U4zfxBMWbT5YHbMK3y62iXC8BBpRoreYjhB6rQzMwtvUR,114122.33,0.0285305825
23,9fmonodCrMrWwwLzQhsrqibzhDccT8AaixqLjN5NQ5viTL2qTUg,111096.33,0.0277740825
24,9fPq63tDbXdBefU82n1ZpJBtKpkDpGTuiq6pm8L8auf2PNXqi8a,101595.03,0.0253987575
25,9efMvRzhJrvTg6rA4LDUZS2JNjVZiUisfx2yVspBadQX6jYtGhF,100606.0,0.0251515
26,9fuW84y7cTdt2yYzS2hZVtARAeuaZyztbRE1NfqfLXK2fgomiyS,100356.57,0.0250891425
27,9fgC8VTEHc7WYczc2CBn5f2iXnEY1LwAbQ7K7DWxdPith9fQd8e,99001.0,0.02475025
28,9f4Jt1E3nUwhLeYVAA1kwbfWNkkMMaVpBgPDNPxuzCT6Nhe1max,91834.93000000001,0.0229587325
29,9hzpdBFpJw5A8fTupGUF386cdwd4A2pKmNweRFeBj22oJiMmzMg,90883.33,0.0227208325
30,9hNdoB4bKSCV9hgwTG5NAhFWQKSA99kL7fwEArQRocxndkBZFeA,88200.03,0.0220500075
31,9emxba3qZ7jjywaUPhdLwMo55oBWdLrWj4HXc7eqMWH973fF97U,84496.66,0.021124165
32,9g3Vuc7SFaqVVe3sbuU1wHP6L4rhzxEuS1VpMtKhuNL9EdjrgzA,83333.33,0.0208333325
33,9f1o2chjkzxWLen8zYdYuB5pAZqRjVxAvTyduFVgFfeaCCouLoD,83333.33,0.0208333325
34,9f3JHWuHLWXvxhuQVAf3H2S3E6knFHReoR8L6X8WpjrNn7jtLZm,75610.33,0.0189025825
35,9hjoXeHHggYQHkRSoBhgsRCckg34iBqkL7kHrpH2t1az9pH8ou8,67171.66,0.016792915
36,9hK4mfWG7EgFCr6p1mPhXBSWQAzZm57Es2a8NWtpQeXbTvALjx7,66590.13,0.0166475325
37,9iMFq5K55kqN9Qjt7XUfXCDVjnc8dkpiTDhncT7KBZASawFncVc,65374.74,0.016343685
38,9h5PmjJsuXoaZwB6t1Zojj6NQTZPBoFrYXMazrti9sDRcSUtanh,65249.99,0.0163124975
39,9hxpJEUnhDTuMm4aQWinVoWggmZ6wmJWC6S2y5c1QTWEnxPscQz,55560.0,0.01389
40,9hbUKG4EXpnas6sbzrJemog5zjiigCDymY9mMTGnS7FtdyAMwik,55522.0,0.0138805
41,9i7xJ88eeLCg6JVyfgFk6MV77wFNyGMCjp7RVcKTeVdf1WV2NEg,53751.48,0.01343787
42,9gvQ3bjGCYLWb5qy3bkcG8rvSRJxcYqquFU8WrXFSz779ofdc9t,52274.76,0.01306869
43,9hjDpaFvevxD4NC3iqvzmB1LMxeMGKFifDb6Rq79V7NJuMemxHz,51798.65,0.0129496625
44,9hysfwxr5TYTdCJzrMyrRq1QH8FkANbovHyjSWTwgiSnQaXuTUx,51104.85,0.0127762125
45,9hMpzKVpbyeS7xj7wercFwhn3tQnkP4GJdegk5fQgCecyMYgAkS,50505.0,0.01262625
46,9gFuxymcc3xNsN2gqgmtCaQcEkY1qs6TcXDedyr6ABfdBtGXmuE,50505.0,0.01262625
47,9fkEKga3c1ySPLumgkubscMaYnqpnxogVSHjPdY9krYxppWw6xP,50505.0,0.01262625
48,9ghcSLzTUe9c7czPShdvpvCiB5z3GMxuo4HQJv73VttGUwp3UPB,50505.0,0.01262625
49,9h1uX2SCSFt8hNfctE2rg6gpkhheU4EaxAGfNVFRXBsK2hNMDtN,50505.0,0.01262625
50,9hrbvQghJYNy3XCqFdK6Ci3To4NcrbULt8cgQziBozHadZ1RgPx,50000.0,0.0125
51,9frfx1hqd8AUAdLScciPduQpwKxRcKVZQMY1drnES6Xek1EyRar,48635.0,0.01215875
52,9iAqAzK2wrnCgeD2mQV5eFFWW9vaq5NjwkJYjUDWHuShARsY9iB,48515.08,0.01212877
53,9hRstieyLjxRg4o42qL7CZV2dWeCMJSwC3cTAnLFKjnfzJUhYQT,45454.44,0.01136361
54,9hCg4VNTrFTabefFUtXuze7saA4kZFUdk2asQSEaQgLCfNhPPDV,45190.700000000004,0.011297675
55,9g1N1xqhrNG1b2TkmFcQGTFZ47EquUYUZAiWWCBEbZaBcsMhXJU,44584.57,0.0111461425
56,9iMBukQGFdH8bUBhgPP6wuSdW1e5cG35hZSpDgiQFYbZzQKPUr5,44437.33,0.0111093325
57,9eyMwYp33vYQiGUNrSerUkLq7f1GsrhCPdKeZ4gQVEoaLKUdBCx,42444.33,0.0106110825
58,9h2bLZcsHQqaR49TMdmqtjGA9Bsbh27uPcK5rbcUdsZ6ctQm7Pw,41666.66,0.010416665
59,9gMQ2cd9qmVCyBL11jyLYv8UtGYXjMs5YsougZnsRuku2dxyNUq,41666.66,0.010416665
60,9feStDbUcFksYhAjNkbjHyUkotfUPaHrz5E2j4UAjeoauhb2gbR,41666.66,0.010416665
61,9gFUD2hQp4auXUG6yb84NuAnuuuPfDGyNy8rgWLyWVDVGNiJaXQ,40000.0,0.01
62,9gCdhoRUSXhsU7XkMpzX7WchyCBDhz7QW8PvmccBc8C5Y8UzZCg,39073.66,0.009768415
63,9hBWFuee7CMzBsgadYDLpb74aEGKw9TzSn9XnJa9DDAwwUanc6o,38585.86,0.009646465
64,9fzdExQKCzLiD6HS6wfu66FNpe7tWbMiTMQxJS6UNLz2tvvw6u6,38313.91,0.0095784775
65,9fzbm6oSgLVFWgNXWVht39vWtzpDRYH3PNdxjVF9C7iiKCx98zq,36555.33,0.0091388325
66,9fXF8Fe8DkRB5ewxBPQ6GY79B9CowfzbmX13JjEqWs2raR51yhC,36361.0,0.00909025
67,9gcGJhxraGECq8FCiBwgE8qHSC6ighrwCy7ePWxDY8pEF2Bx2pN,35353.44,0.00883836
68,9hn1kbZHMh2tN3c71WqNVw29oheusKSwaGc4z6q1DbYj3VLc88L,34999.99,0.0087499975
69,9i5bErVPAPjsDzpWs8P9eWZmLjTnH9FC84WSHG1X6VQewsUdqBt,34998.64,0.00874966
70,9fqhsCJbDyukcHQWWjyy3PRZqYDGtAZntp3J78edAJgQNczwTjb,33880.0,0.00847
71,9hVrsoWb2mSCiM36tVJsbGcvV3D3mhYmHE4SAuhL6Uoq1hrQm3Z,33827.33,0.0084568325
72,9iK3YFQVdVvrbwPawmQxmCNenjHCBfnZ29NzU1HouaoDPsB4ch3,33818.66,0.008454665
73,9gTT8y7oKQZgfJu3RJWDXbz5bDNXS3r7VBJ75KokroQKDAQ7fhe,32969.01,0.0082422525
74,9fU7KfJrTMpfbyc5utwXtiVsrvtboL3uZcwcTZVTS5K2SpGdcxB,30303.0,0.00757575
75,9gujY6fTwZd8EmA1h8pMeEhFzhvbU83tpXyh7tJw6PVyT5UR3KD,30303.0,0.00757575
76,9gtPRsqFRGXXShbPEzVyPSjroW9QyVoJQacYjo9Xup1Qz19kLhA,30303.0,0.00757575
77,9iJ57iv5j7qW7JxRT7qnXhL1tbdC87kUfGjJRr3TCnEhbLgza8M,29611.99,0.0074029975
78,9h1PLxy5bJ6UeC6cQHhJXZw34pH2VsfsZZRapyWW3pWa1ANWQuw,27339.0,0.00683475
79,9gfJEXpMxnwnMecshgiDB4UR1JziT2Q8TeRLyd7r5exkDDTTZXd,27279.99,0.0068199975
80,9h8iBQ6iXQvdYptFAjzHGPALtuXDwmiJYpwjayjoVJGU7uHUfHS,27104.99,0.0067762475
81,9hjT5nj9gj2NwBtEJHBGpwKdcNntCsJ8oTV3hNQmmZwvigTVoqt,26827.24,0.00670681
82,9ecimsGPAUcqvEK4ZYMyVCfsQryLiPk9y8yiff9D2FAHPRfPorH,26634.63,0.0066586575
83,9hySW5XCxxeEWY3RpE55VFptrcaFfVPm3txeaS62S7Sva9X4NFD,25685.38,0.006421345
84,9fD4LseojrAMXeoW1a7XS6BZqjTA28T557mFstr2js391em6gJk,25469.850000000002,0.0063674625
85,9iKrcjm2kwUJaNtnTKe36NHaFpiXRR3BZXThuCsXwcEcHBrcA4F,25252.440000000002,0.00631311
86,9fBPQLJdaWrmWLKPBqWCQdemYMJ6E5HsYeEnLtSZB9QuL3iYzAz,25143.33,0.0062858325
87,9fHLQyMLiDz9v7nWuRQJUJo9RoKWRYJZ37sjPRZ8hvp5BQWkzRh,25077.9,0.006269475
88,9f2kQnRcDSKUAnstCvKZoBd4HVTgiRBwwFpiaDTbW52kgq9ewbv,25016.59,0.0062541475
89,9iC3DiKJx3XcQQAWnVcY8WWAc8dPpPVHXJtW7pveVS8NFMv93bw,25014.83,0.0062537075
90,9i3aPb3HLcQdpqJuG8Mwv1VUrK63dEAZdZ93Xz4FUUJ61zziveT,25000.0,0.00625
91,9hx3HoWVZ9ErUWmFAFi7XYTie6uUMWWwULuGVFdJFqNNf9CdRcB,25000.0,0.00625
92,9fxQcCuFzNAmPjcW8YmoitWQWvTmDuLrc8nJyMrbCiY7JG26iYy,25000.0,0.00625
93,9gEkTkhRg8json4uEvBRHP7RRLV3WyiSHwkNULsstSvr9TCyvah,25000.0,0.00625
94,9fd5xATxaLUPfnvRzTwob166LLBKxmSiLjy3B9c4iwcb9JvFdKw,25000.0,0.00625
95,9edMzXZVzL1z2CdZomdtoVBUSWEunVBHuY2UhguLyM1B1uECwXX,22922.32,0.00573058
96,9eb1ChMirH6mdTb58iX9rm4exVBf982QwKGUAorwEr9Se9fh8yk,22204.33,0.0055510825
97,9hQFuPEQYta7JF72z4MUTHZENJzx315fPfwHcc28ggQiq6Zav1d,22199.66,0.005549915
98,9hK6WawpFqsydXtv6bKNHeZMr8A7iyjaseyWfVBgS2Sz5oEUHPX,22196.0,0.005549
99,9gVxkaHChug3wPZAwCR2XeKkNpDbGSZtm2KfviGYvobS7fF4a4C,21250.0,0.0053125
100,9hCTxaT2n8MHWozPynwfDbRLaHt2UVaLH4M3QK2bPBszEdrhh7v,20666.0,0.0051665
101,9hQJi72EKC8xUWpGNX4bbf1MVY3ww9TdHvCymDVT2enpRkcL8s3,20202.0,0.0050505
102,9epXLCp5Nph6QKoP4Q3mPx2jzpj7ukaWwTmqebbDCK5Wx9nT9Ta,20202.0,0.0050505
103,9fa9aptT78PUUBfPAkLfJwBFo6d76m7h9NpeNh5RZK89TtMcMjr,20000.0,0.005
104,9h8x9iQ5851XXmQH9M1vEd6xSVV5XLK377CzZYwppoKy7WQTw7y,19888.66,0.004972165
105,9egiiXnhsACZ8q4B23oKLqJ8FkEaNWwBM19cxupxwHUmrj5Mnkd,19740.79,0.0049351975
106,9epYMMiZxCvtSXqt6fQ2o9U29vxXYP8bmCNSktahmmkvPNMismA,18700.0,0.004675
107,9efAaTv3Y7yho2m723TPTLFyvV4UvqN5aZYHD7A3ZPTx58EZYvt,18333.33,0.0045833325
108,9g1NUbfELexNeJDxMSEZb98rxBuoRTB64vc4ejFZh2r3WYKNKXy,17716.79,0.0044291975
109,9fJzCzVGwiv1aq6VpFXQLuKAUe6yeAVU7puG2pKP8P3uRmgNx6A,17176.34,0.004294085
110,9iJcSugkc4HNxMr9sPDm6pAgVdrpBmT6ZfJtBJGMHj4SBB6Z94i,17113.33,0.0042783325
111,9f5VibPNTtLHMeJtPcmvhyv4NKmEMZtW7k6Jy4q2jAqwWxZSb9y,16897.0,0.00422425
112,9htjaA4dtV6GyQJaHeMXMJMgjYR32NSeHo1LmSgYoqRWgVhXMmT,16833.32,0.00420833
113,9hMa8bqVq31HYaCqbufEbWZFURFrHhxuHui3w1dmAtFCF1r4LZm,16821.98,0.004205495
114,9hpZNJcnXUKUytHVgffwFD99VECrCNN1dcDAupi7TzwxNuArpo9,16666.66,0.004166665
115,9hcL99aABYND129WCFGVCQs7F1w4iWmbz4TFASMW8n7mXW92xun,16666.66,0.004166665
116,9g8gpvDHMeetTFuoGNsEj53Cz1ke1mDzhQPUUh9EBud8rMoEN3D,16666.66,0.004166665
117,9fceMTC8L75ucgaSEuFL88vi5ogVetFpGH8hZUshECEXXTgaDBn,16666.66,0.004166665
118,9iPN4wCZKM2o993ZchsUmdeqrbvjc5xd2Zyn41jDS7bVASsa3aj,16666.66,0.004166665
119,9hCnUjFUL2yFjL6tfckv5CDBQWugUCqDKbNbEVk68gsvuSxMSrG,16666.66,0.004166665
120,9eivgDNbb6cUY19MF5izdhneMj7A3VFGzwrfJeoT3s3jutrds5c,16666.66,0.004166665
121,9f4XUgCZyRgqoS7f7EyYRkvEceCN6yPivVH6dYG22LZYLDuXh2c,16665.33,0.0041663325
122,9geyRjVLq24itjrEHgQDsVUgdGfXyCBuGy3UrmsdM5mNkjnFLKb,16661.33,0.0041653325
123,9gi2TFe2dapfgxNVdFvHwWC4wJMetPt4C4hLEnzLYdBRRs5WhAa,16637.0,0.00415925
124,9gy71isTCT4sNnHUApyFpQ4Q5URHhjyoES2XsnNz2RVcErXLim5,16142.99,0.0040357475
125,9fUhHqDjmiajWioaYBHwtLP8fErAqxMhGD6BPT9P6o9fxvYuPhQ,16050.0,0.0040125
126,9fbA1xCso1NTZkujKsZsYbjzbDMMkXpcdh4W6Fk1LrtA9Em2JLK,15998.91,0.0039997275
127,9fHm4Dz63YdWxtMViuGA1A5EYYvMdbqivAkovRuiTsgqkqxzqpm,15598.300000000001,0.003899575
128,9eiwzwuE2giWZTJqUuhDrx6buN2bS5FLd2yjQwPgcTeFiCg4Pm8,15151.44,0.00378786
129,9eiRYMBfufYnabdEs9YD2YpaawtiupkaWHcpeGD5sk3SBeR1q8b,14192.33,0.0035480825
130,9fK8pTys2QKxygSSMn6DgEkZR7cQfHTrVJR8xJ9qoYKGFsc65Le,13913.24,0.00347831
131,9gf3FvjVadtzXtKvfnu7Aw4ut9x2LkEDVaAszKvQm1jmJsCUorQ,13309.0,0.00332725
132,9hZrERcPxMFrMroKE49dBdG8w23YmWamEiE24zbUANHDgCnV1GR,12736.66,0.003184165
133,9eb3wwSMk6CD58YNkrPHZkgEEYjKdw2am9VJLjGcKPYQwwn11Mu,12661.5,0.003165375
134,9iM8JGz43qgjVC8wegtbdrf54TYRb9SGLppThM2iH2X4643cGQK,12500.0,0.003125
135,9gbc3M5yb5x1VdVsL8k9i68yQdQ1PnYNADnyQ6dLDS7MPUn6PEq,12288.66,0.003072165
136,9ekYdSnFMoeTom82194PnJQLHjMyHRcnG3RZrb819NWsQSGG3XB,12000.0,0.003
137,9gBSsBcCLQ78Cg8TNuiToyKvzA5CAHLvKAfjqf4pmXJvC7pfjdX,11566.66,0.002891665
138,9fw8NDwNfgdb9DvJJtQNeGzoQc5ma8kSKv1Jtkq7gxMyQYuqdQe,11195.32,0.00279883
139,9gNChnwDZhtATbYbdhrzhr1YH829J8dBWmiVPbuqATbcvq9jBfA,11111.0,0.00277775
140,9hAJiM4PtLqANrTzauUKQWzDjcte8BBHDW6BcWSc9cVEfSM2tiM,11104.33,0.0027760825
141,9hcpNYM75PmjjP2e4ynWhBqgrmPYVgpvCb8PnPcBGqfnAiPXBF1,11093.66,0.002773415
142,9hTLqUCDXknkWfdDXhurU2a8BwVmbKYc3BT4QvWuobBKEC98jdd,11091.33,0.0027728325
143,9i1LwgShbdiWQFsrqowtyCPrUsoehHcATZoo6sG6o7vBcrZ57Fz,11090.33,0.0027725825
144,9hqnY5n1z3qA6NYNgjMhP8Mzg68rGqd77qXBp29Vj5ebgAD3um7,11089.32,0.00277233
145,9htws54F8bvdXHp242416FCVqcBzHBi44kNXjSLreGCKX6vE6fw,11083.66,0.002770915
146,9fDysgcTFs2aPnAhgWnWdoCv8taVsqRsRn26ymyXKtV5dt34jEV,11081.66,0.002770415
147,9fmrhz4zRkkt7Dn377GsdhZkTzMy39vF6Fkh2KqSjvdTs9sCRrV,11080.66,0.002770165
148,9effDLCFNCcfxaff26utAWK7dfLZU4zqMd5rc2CVzQ3yzs5ME8R,11080.66,0.002770165
149,9hyVRuGqUq4v6FNnBrRmVcQezh6MZGbTBxH2DMbwbXQUAsjWkrs,11077.66,0.002769415
150,9i8zJHn39vuDm88EGxCBgQhngRMb68zAHgv8VPu4CJ2orrZDEUE,11076.0,0.002769
151,9euGuwPBXpbyjPyGvtXRhYDvMe9HwiC52nj8rq4XUzbFfUgnHmP,10944.33,0.0027360825
152,9fzDw7iRRgs1ow4AdD1n6jmEV4Ki47FZXN4fzciw2SRp4numMxz,10912.0,0.002728
153,9g9jMG1fKV253RJy8vys7CczCD5f5mGpajctkeBbnENATrDmrnL,10896.33,0.0027240825
154,9hqgwPRXRYsMst1AgNNUXmgQu8vkPGGtEoxfAcBwmyTNApyuUL2,10866.33,0.0027165825
155,9fNggZ1pYG9SoWX3WkpW34QfrJs3aTwZPTwudunEgdLWF92Sae2,10800.56,0.00270014
156,9gGJDvabzXcry4kxxxCh8fmS2RELbA1BBYsUfBi7gozBuEbHBjg,10508.33,0.0026270825
157,9gb6qC3CHdd78XCLQyXxKc29k9tnvAqMHPvqX7LhUS5dCu8jeqp,10416.66,0.002604165
158,9hcL5nbnMTBHQhA9u8agDik6GB4ySMELpQLwagBcyefrodCrXd9,10416.66,0.002604165
159,9gpLeMpbkaGAdCStHs6xTGx6R2voxnV2Zpk75pH4sy2jvGkAJbD,10227.66,0.002556915
160,9g9LnkM2DnHtw9V8pJNWYNdTBpXNM5pDTgdUTqWYSZ8eakXjf5i,10151.84,0.00253796
161,9ha2UZWMW88Ju2FNFZoV6MuwP1t4qWq74jrxnG3DEELk4f1M6aF,10058.19,0.0025145475
162,9eaixkZpuUipmcLhXeB2DRpp6wyv2mRgNeJhG6JQ6VU4gMmtPCX,10049.0,0.00251225
163,9ei3eGREboZAFzz3kpgZtVfAxrZUmMg2CXKaP7Ypbp4nJr4JA6K,10000.32,0.00250008
164,9gaPHbnTprKnQdDzR9BHej37qTbvXMNzr4NFk6DXKePmdYX2VGj,10000.0,0.0025
165,9gLB2b8czaMoRK2AyrgzL4n1iFV2P8SGaVompi1ETPiWtCtf6sv,9773.22,0.002443305
166,9hTH2TpvDzuTG5qhPZvJcAAdZ9cfCRsJKJuz1JDp8skeZj9UFZf,9708.66,0.002427165
167,9ft4yw3nk5oXNTtTSP3yJfRsNF6LeNA7ApLT7zrqYJGZKCBD7HZ,9697.0,0.00242425
168,9hjUdyzPPvbdk63WDf4iArYEm926P1xtUM1oz7fBL7dTnEnZRtT,9555.33,0.0023888325
169,9fow2A1d6mWWExMU5sQ6MuHaHAEQpqDsBHNcWjArqpkSu7Ds6wP,9332.66,0.002333165
170,9gdjcdqPM1VCdoroUNir4n4nH3armVeRu7ir4ptednvhHxbcHHf,9089.01,0.0022722525
171,9hWGSvwZicZtGUGrLJyUziWHR2mgsSocBTJ66rF3E3QxsgughaE,9035.99,0.0022589975
172,9gF4gGweT4WShSPKGUDQr3ZytHx5rp2o8Yug5sMWY1wNZCddB9M,8888.66,0.002222165
173,9fDa6roYKmERB754qotouUuPm9mmMsKDc2JY2Vy87ma9oNbZwzw,8822.0,0.0022055
174,9hYgR9g6XBPx8dX9VawHY17TVCKQ88NLZB8dr319V7j8R4AJZSf,8749.33,0.0021873325
175,9fmaWKNUGHDZLsZnXSLDVoW13RWNXuZBT23bvCjcq911SvyiHwx,8745.81,0.0021864525
176,9eeAH9vPGRP78zZvKfPKXoVscYzEZbBXPdWHBFnfCdSch4AKEmn,8725.33,0.0021813325
177,9fdYEesT5tRqCQXfA9Mjwu6zjMhy4x17hBz57v4uvorwgW2eRog,8638.19,0.0021595475
178,9f2NQ9LiKG85HWbYiQzuTWJgKcAkdS9orfa2GY3nTXR9ugu4ERg,8600.0,0.00215
179,9fG9pNzpqCXe1i3okHaCJCQNMausSWi9NMTsQvpKGoLwK6TivUN,8425.66,0.002106415
180,9egUrEy9EBZwJ1qhspsk1pMNSY6TA57Fn7Yw7uF8iuaPGNzkDcH,8382.0,0.0020955
181,9gz5W28zir2xELWETSuGE23FhtLsxuKWKCvbBg7d68kP9rcPibN,8358.33,0.0020895825
182,9gQdkVJZT8Hu9zhjCnL4doQkY2e3vmdKKXXfkvr2cPfeQ6AmEYZ,8333.33,0.0020833325
183,9hi4e2fTfEZfdqFbAxKcqXhGr4KfaFAAWQUzqxnLxhG78YtSoVL,8333.33,0.0020833325
184,9hQ3LfJ8fDn8qLk9ThDBCGUKb8kr16aFDjdtUQjV38crbirUvoP,8333.33,0.0020833325
185,9ggvcaCK6XQff7s9UDYic9p2o4bwuscqWt2VPJQNYuwNSUaAbqf,8232.07,0.0020580175
186,9hwMEVwiMXsyRJjJ8EZo3zX3LCdTZGbtCMiPkuA6wbTcURDZHSD,8024.0,0.002006
187,9iKFx1pd6Lga1FWMJqoiqTKC6S2YvjYaNc1bSxzktd7NwR5VLci,7978.400000000001,0.0019946
188,9i2UdgSHASbGUAw7eLf77oQ93tKBMdDRHKzmzrv455JuW8cuJmL,7972.0,0.001993
189,9f6ZNwRohHgCKtjuzFrzXzfCGR4pwCHdEduWRLuKAv7CJQCwJT2,7916.66,0.001979165
190,9hswYhbd4dkntRCPeiNEJqPHUpdUsrD7VxvqDobaDzSZsMx3A2u,7833.33,0.0019583325
191,9g8NdjPRLACvXYvd4jbaAjdQ4E8Zrrhc2GbPUbVnboPnFpHVoZU,7735.66,0.001933915
192,9iGr24y1PYHoQVb3UCVzHY8v6XM8oWY5xk59UPeRQ2UCTXfGYbU,7725.0,0.00193125
193,9ge34SDy5UQ5pUCTi9SyYPSWPPnM7DvVGRo3zdnDnoMCuVhDZB2,7642.29,0.0019105725
194,9f1nXmP4doxgpmUUBPEPAhHkEHbCkW4snney3cCfsGi3C2m8JVi,7401.33,0.0018503325
195,9fUyh1zc1TLcboMFRcVJDp3JXL6hNnwEUck68p47NzyyeN7UA5M,7394.53,0.0018486325
196,9ec5JNEF2enwGxSLhkomqsBocLXErTFXN1vXFRD62tLPSEsD7Gq,7335.0,0.00183375
197,9eYD76w1zCQCMPbqtFpd8NuHpZAV9VuzDtpzMn4v2HEZEv2pZqP,7315.7,0.001828925
198,9gNrRPxAAc2caWHdiZjnFLY7gjP3WriV6wgz7cjPXHPJM3yDVG9,7289.07,0.0018222675
199,9gTahqWPf4QksxnBCY7mxz4e4NFpPNHQmFiXnpKXP5oLwJJ3gY7,7255.33,0.0018138325
200,9g1fC61ws23o9HSXBBidTQDNHzRNCGkPrMdub5NTXhL9ZSg5if4,7145.83,0.0017864575
201,9gtQ6ApN18rqvibHaDo7whRA28GxnEyUzFX8pRRGYP7LaiCyj6u,7027.8,0.00175695
202,9gqKR36KAz7wPjcMXTgheKBhYc1yc2PNFB2c7yyTdfGn1QECLWk,6752.99,0.0016882475
203,9fofQ7QsMmBHfqUrwmnxWy5PKPqSuAcRDcLzAPzGXQ7Kio3MikJ,6667.650000000001,0.0016669125
204,9hiGuppsbqMRgPduhUWJRp4dJbgzHhRWKakRv6XNMp8EzbXKU4x,6573.650000000001,0.0016434125
205,9huQhMMDikAkPDZMrFDQH6aKaBgWY2Bg7sLcAPhkSB2EHD4ZQgJ,6232.6,0.00155815
206,9fTJZfPgWp4XwWiF5SeuqTA2UR6nD8Md7WYwnWPHGMn37uCgnoT,6222.64,0.00155566
207,9goeZVbgUNLaB445mM8AET2i1HymHAZhz5LSgVPzjKzGkfhDgG6,6007.1,0.001501775
208,9i4orwwuS22REmiFLPyEbxj8LX6pb4mUnC3Y737ZXb6EuJWaZ5x,6000.0,0.0015
209,9eX8AHzW8N8znDfSsDZjJAg5CaTYb9jymMPqSMEpY6uHhNa2bfe,5848.33,0.0014620825
210,9fDwkf5UkFrqrPzq5V778cGtcSkhHwTkMXePKAvVonfUZAtgdB3,5578.0,0.0013945
211,9fX61ues6MQz8hPnSLCZZS3pmYguaPjw5n5frHskQsMCDLosUpx,5555.55,0.0013888875
212,9iFPqiSq9tiDDnbhL3hgwnFm2QUaGHsGPUc1F4Ef2yb84wsWhX5,5550.0,0.0013875
213,9edAry5yWBdZ54ZTRdQr2d2LyfjRnEnkewUKLw7dCtHotxSGyGd,5545.33,0.0013863325
214,9iF2RCTswCaZt8XrYU1ncqiqtasTo1vvgeZaZovwLsfvcR8FidZ,5532.66,0.001383165
215,9eYpvgZuohjD6teGT2Vkb9Vm7VLYWTSuFjUh4GrcwbYg5uVt9SS,5531.66,0.001382915
216,9eYFnDuJAPtwNnXbSGRKeTxSUTeVRp2sey1HMihtYDfzTzHC9yz,5531.33,0.0013828325
217,9g9QvEsmJPSuWFUCacJ3xgy8rWVBNz8kPStVE83hSowhmDn6oYw,5531.33,0.0013828325
218,9gwcbQCbV5LnAmsFJddw6WXoJGmum7oNf9pa2xBsG5d6mBNU66C,5522.66,0.001380665
219,9enXKzrirhhJM8oxT3dL8Vj1xUtAKUNAYGJfBGvyDpbLngZLh7F,5516.33,0.0013790825
220,9frrbXsTmNBf4U4hpZn9nxPzM7RePVnLzyywZ6DVutqkhbLCuxF,5493.33,0.0013733325
221,9hM22LfuC2RhAWED4XyYrZcpa3HJyWdK2KUk94CeCnZGqUAUtMJ,5428.650000000001,0.0013571625
222,9iJTzoRiu15GGRXZCdJpKfMNNSwAzEXx5urcx3oHiy5tqT3VcD8,5323.7300000000005,0.0013309325
223,9hQff8BxYJXsCG6YEyKVAoUaWRJqVLDgbTeTtw6G6g7tSxKhrdP,5232.74,0.001308185
224,9i6Rvfesqd1L8vXicACQmLSixUQuy7qYJVetT1vNtGGcVB6xwKL,5050.4400000000005,0.00126261
225,9gH38m9gKRfUsv9azgfc9cABXehARduBf8NGdvR8D9uUpzeqLJc,5050.4400000000005,0.00126261
226,9hwUwt7TGGXBVfpm73Ym9TG2mGwDhN6Ni4DFatwKER2pivQcWY5,5004.2300000000005,0.0012510575
227,9esMD7XghKsSj8AKf9cb8jNaCUEm4AvYrXggqDD6QWuwXaa8Ebv,5000.0,0.00125
228,9f2Asn2i1FTf86kq5cELAfH6GSqbVN8KAtEw5pt9K4R8VSx5Eju,5000.0,0.00125
229,9gMQaFu2CxEo8yQYG9wLo6UniCxQd6f4H9Lm3aGTsEwW6ULPumJ,5000.0,0.00125
230,9iErjS4wknkiYCsgktM3SNNy5Tnb7Tw44pyJdcUeBNyXyKBnSxa,5000.0,0.00125
231,9gGeLUsuGMzseFyoxepivvz5Uh6JFSmSxZ3Z8VGKMkhUwD6ofZ5,5000.0,0.00125
232,9gxktppQzpxfvsY1nCziCqqmFgjKpo5ZTXwpuTinTChsqH8erhM,5000.0,0.00125
233,9g9Cde2se5KeqDyigEAsDgT23uMBdAjtv5fdEatb1xMF4RB49cd,4553.33,0.0011383325
234,9gDhiMKcoMfiTkTCku6hUBi48vc8KdAgZnduXDKEqzra4hbg73b,4457.68,0.00111442
235,9fk9WTr3CaNREscJb5uthSWEeGNvAeMcZHAeE55GaeBeFVJfgv8,4457.39,0.0011143475
236,9i3U8u359Nom3bKiSBDY2vzDPn9RXtYC3ZmsQ1X1CjE2Ucrm4YZ,4277.66,0.001069415
237,9hc2P2kVcts2o57Rk4agWbdkBtejqCap7wcD8hkvfKcfWBm5DtD,4234.33,0.0010585825
238,9huKBmEVSueSWPgCbtJTb6d1MGN34gV3s7jsGnuTyKbgLnB5sxP,4222.66,0.001055665
239,9gjS3Qwk78KB1vRMVDuU8Ex6xCW4VNjNDJvmZdNbi3XJd6eA2ET,4180.05,0.0010450125
240,9hbVYFN7ehXKqsYDPbWVuySz5jyBv6rinsao5hxk6FUnZRfFvJn,4176.3,0.001044075
241,9etfjM2Z2UDiBq3kmQ9LYtsPLPoTa3nWGSVbtqt3B1X7ZcsYmDM,4175.0,0.00104375
242,9ei8XtkKzSQ9MWgYkax6658bTuErvvGRaJ5uDU4RQpTzqSNA6aD,4166.66,0.001041665
243,9hAzX6shmcgQxHNSMtN1nE4cbna3xtNV498ZSZMVm4L7ihweQmf,4166.66,0.001041665
244,9hUkuGeg3G7TgURw7fQViiSBwnpL5dRb4hjs5JgPSXcaGNNXCwS,4159.63,0.0010399075
245,9gFXE5xNsJea6k8jV9ywgafwGd4Um3yzxUvwMTDBu4ZjNvv3Nw9,4148.67,0.0010371675
246,9i7o8VRVyN8P42Cz1xL5Nguobe6z6Rre6eBvbVwgcAQtxuEUd6z,4097.59,0.0010243975
247,9fNRMbBd5BDNjLnHby8RFKfTfAMjsb49fjbfqtuDJ5LNvnQ8gcS,4055.33,0.0010138325
248,9i7fqLMd3sGawTGmBgtcwtK6978RmjJezvVTmasgfgYguSXsDbH,4041.6600000000003,0.001010415
249,9fXhRgNMdCg3t1YFn938phKNuJFTFjGBBrZcCugUquKWCqXT637,4000.0,0.001
250,9fCNaXHQS3nGnmMpqWDe24tJwTgwRykmKqg1Jia9AZ1ndLhAsvH,3932.65,0.0009831625
251,9gpmt4jTWmmVCY1YFXkrkhgq4B7HqvxnN5ToYxmiBcPnAoHSZNS,3882.9900000000002,0.0009707475
252,9f5oCphB9d5Ye1vnnRwNmNFWUEU9y9W2KEYe5gwZdykj4p5UQKE,3874.88,0.00096872
253,9eb8p9AB2Coem6fxLVt7D4c8zS17J1ZwK4msBAgNTSyBZemz5fp,3866.9700000000003,0.0009667425
254,9gKfF3v1Lrc7bcJNLn2xXs4Kx64e3NWCoXXaLCGwoYUyMuHsdb3,3809.9500000000003,0.0009524875
255,9fvH7zjVyHGKTHuqgfr1a329s3Z9gG64gVbwZUhmeB1GwPV68C3,3744.33,0.0009360825
256,9fmD8DLjnjMM7WW5frs4wRACXixSW39hXfYNKBkUYTUYnWMHGpY,3440.33,0.0008600825
257,9ed3B5zxp1RNRrEgLAiAT2agsev2Hy1rYsh7KnLjbUoQv2HqVpq,3333.33,0.0008333325
258,9eeqJmSwsQpPZjsTiaZo8ge33oxoscwuyX7WmJsDrN8N18rXdWu,3325.0,0.00083125
259,9iDGnuqsaQ21zxVKMzLJHbfUYQYjp7a9nkXZDKF4XAU4bmeX8k5,3300.33,0.0008250825
260,9fLn4GXAUWKvqvHh9yh9owSExrY83Fnn2TqCuLfv9soP849AVEX,3214.7400000000002,0.000803685
261,9g6chN6CA4djzHkSRWcFoWTEV8ku1cWxAn4RNtVyaHLzhCT3PZi,3205.28,0.00080132
262,9gYedeeo7c9UbiwAFVcNfg8ibfBc2rPS63iTT4ZVkzQ3wBzr7wL,3174.46,0.000793615
263,9f1nnRaZwFSUA1aGX9rBDG5YQHQ7PLzb1hQQc3XvRwfFuvNGyQa,3030.2200000000003,0.000757555
264,9gMB7xLw1EjPbwv9sYMkL2XhcrdvdEE5fdCT7e3M57X6UDTPAMq,3021.66,0.000755415
265,9g7NvMGCkgF9xw3GbkcdJnGGm3B29FKggGhw4sx8F6FqwDEsQhZ,2981.48,0.00074537
266,9feswJ6vkaJM3ezxHMLH2BTV3qpvEVVNkr2B7xZrwm8ByUhMCv3,2832.04,0.00070801
267,9gKUHByef7m9a63uwzMpK5aeaEFkh3LKyDg7cYuXwNJ2JNwiwhF,2795.2400000000002,0.00069881
268,9fdcGhur9GvherAwSdaiYB8aXAk6tG3S8RTuQd1F5d8T6Gv6NrG,2782.9500000000003,0.0006957375
269,9goadvB4vozk1UZaMxdJMyEfB5twVjPrp9AGHtd6gJpXP7Na3BV,2748.66,0.000687165
270,9gG4A6oe59Skou6JhD9J7LSNvUsbezjsk3qDErTvitittdoPHf6,2651.01,0.0006627525
271,9hDfSn1LTLUGiS8xLzVbVbNtdB1ED5o5TDU297hfZW5Qpbqt7jJ,2630.1,0.000657525
272,9fENiapgmPQd8JTYtiqMCTkHHvAYbrCSJR7xGYrtQ418avgMKFt,2598.75,0.0006496875
273,9fh5Dscvn4vR6mMppmDp6dpguqPt8bwfH3gtbXqAiKHTvX3CxaS,2503.82,0.000625955
274,9guJBqnUSaLvpX3Dj6ee6J4hxEJwPQUkV3HdtQp5cbPXGGVYrrC,2500.0,0.000625
275,9fQpv2QwC6SbicDWyivuBVT94KzPSZUb61SVq6G4weqkyHc5bN4,2500.0,0.000625
276,9gpApsNzvypDjajm8SehLyjzanhUWjATjupRmu2j2tavCoe8nn6,2493.11,0.0006232775
277,9gqCTTD54bZ6fFskk7EFPmWDVmgZki9cdugdQNUFEnPyHvh7M9V,2455.33,0.0006138325
278,9fVt3pTEAS7e9wSenDtcSaopoofMHAH13KnpR56ULTEKykABR6z,2453.61,0.0006134025
279,9fqQUAYeyVVrXxi9NwPqwBuC1vNZdSQuXxQeoPRtuuoPbg2edrx,2437.66,0.000609415
280,9gicpipSQr966cZrD2MwW5cjQw8PdoVAY4FPXcdn3mqWZUAGSCG,2379.56,0.00059489
281,9fRQ1pzcsZpV4ieUcUAQ8rL7zrLAqQdctVDjBQnKgwPwvHEsBRJ,2246.66,0.000561665
282,9iA5EoXS8GC71LHbUut7tCoCJ6GBVaVnTA4GPHNMwUaSroyWUJ3,2231.33,0.0005578325
283,9hzuKLp5xtasBVzJJ55cPMJrMZL7dtfKE1H27LxHvJhsgdijCZG,2222.2200000000003,0.000555555
284,9fMrD1iTyP7CaGQop3qUspv8GE7CWPnAFQRNyAnXT7b2twar5F9,2216.0,0.000554
285,9hUwRgoxz2eWNbKzTCGJio3AgB6TAHszJPB1UbKEF8xiYaHZNLk,2212.66,0.000553165
286,9gJN9bgsggXpPRLtD2xmotNTsd6KNPRx1UySY9DLNndTjndAJve,2202.33,0.0005505825
287,9iGCyowxwgf6cQef1RfEw6UCYoHJi6q1hZvKvcWyFY1kuLNVE7S,2191.0,0.00054775
288,9gzNorNX3SbqKsMMg1vY9mRgaF3B3i9hKBGMEuLE8WSXkLgAkJx,2191.0,0.00054775
289,9fmasgJCngGoHZLeunund7kkzT5fhQq7wmuiYAuJ2ogCCR7qQWX,2187.33,0.0005468325
290,9hqz45tWMVbTXCk9qwiADAixQqygpH4PwBqegtFZvYA7zLMZCpB,2146.4900000000002,0.0005366225
291,9gazqfdvSqsUCcBSSdsp9cPbkAbfDJ2fW2Mo38N1cUmYY6LzprE,2133.33,0.0005333325
292,9i36eUZBhSsDtSCuAitWheT3GBpARTQZiRo1JUPYsP7N8BHNcR2,2132.05,0.0005330125
293,9gEW9p8NKcYWnfzbzh7uFxXU6f1VdDSi6JSyiBJSjjBUbQYxGgv,2083.33,0.0005208325
294,9eyVUPSMcJfL3pz2aJUtzt1erS5rZXgf147Tua4ox4rajHQR34B,2083.33,0.0005208325
295,9ffWUoRjNfpghAufpiaCwRjuDhckSoN6JaiariPJ8VuFKKNxA9t,2083.33,0.0005208325
296,9hShz31ALQpdbQodGL74ETADu7QDDpZDMSXk5roDuKgrLvefTMK,2020.1100000000001,0.0005050275
297,9gXrnAMCAB8dNrift11P1T7fATmGfKNqeXoxXqDFoW1LUxxab8H,2000.03,0.0005000075
298,zCkAGbp4TnVAd8oWYakxA21UStmsvB72KrZj5SSXNFU1byEkVnjm9jhYcq842fkCSN4PZZpfNEtFVnDGRaj6qbgT8vyF4j7FYwVKbAb4ychE8PnCGQZ4dt5rvGVGbJXNgQQd7TxmTKX5jPToKgceGrEHvawnN4wTrxm5abQNK3X1sYnMGn19LPr1LbqhdWDrWG5XZcP6QFaWLMuxuat4bnLp2D6qsPGsULNUM4qaKHiWrShCnDu9Gxj8vmLdToWU1HCS6j2ZaiwTdaJghKes5UgkXGMnSoL8jrFN6gb391vwmuEDg4YY6XFFQVTxD2ZWegLgwZrGVkEfvABpwDTCGfGKWgojLgqVNaQ5YdGffempgj5CALcKMKDrWrM5JXJfVeuC5tzMiu2eGq6fp9ZGFPdLUWoHwBpsWCpm2YU7uicjEcfYgeHLBTV68rqxn3kKAuuZCkGFQcXx9WphAm8PoPy3rxiud7urDVLi8iFifaU7sW4AEJuFdZVxfrZhkWMPDiP6KLb8Zj5D3qktRWbMQ9J6xwQqyigGGUc5GjzJ7QomzRpqg71MzQbP3y5h8Kne23w5oaP48NcUhg7wGASJhrA3kNNMaCUY,2000.0,0.0005
299,9iDHkVZg3ctEJQVrd9TQCEiN3rNtMkV8qDZVbUzCw9E9GBBs4yX,1855.23,0.0004638075
300,9hqdmNpswLQ3xporXvzGrFUE2wt5641PevXS4RvjKHHUVFDVh1c,1743.66,0.000435915
301,9gZttg88EpGmgP1FZAAK94wjBF7tNxd1GTyPpybcinnDFDzgRWd,1737.66,0.000434415
302,9eyxaEXuLdYBymGa4KQhd2doRw1Y6zUGahEZ9cqxq6U9PtWdtFr,1702.0,0.0004255
303,9fnBbg7WsfYbw7GZQHj8JTwsztSDGWCQdWn4CJst6Vk2j73fVVr,1666.66,0.000416665
304,9h2PuDrdU6imZDB5jxWy6aZAVj3vt1jvKkQqvSontnSqQngAygC,1666.66,0.000416665
305,9i8UKD4PhZgAVCirBKBGQDk7E4J2cbSFudcxQGvNMRfzBNqPchU,1591.0,0.00039775
306,9gQBBWThX8caMNiD1Y8dT9KtQvQN1fA7xAcorri32J6dcjiHVvc,1586.66,0.000396665
307,9fJapEfEWD32Dc2dwtvF5yrUHy82pB35FEHn78ryyHQXxMrGrgM,1571.53,0.0003928825
308,9hpX1PoLdTPHC9RKD5x9BcR9HhuJn1H44T9jRSB8qV29F6H4R8N,1533.0,0.00038325
309,9gLi5wvV43wv8m6xABzP3XNnV9Pwc9yQDd56gY9BvYJaXcTCuhd,1522.63,0.0003806575
310,9f1dPsxTUTg6giyPSCb17vAKeQhxjD8WHycrJryPravvDiZk4V8,1515.1100000000001,0.0003787775
311,9i53npgywUzLGmtmWNwuWtpc1ekXYMum3iSSXdHSuMB73Pxpg7A,1501.82,0.000375455
312,9fmy7zVuGHv1ocJtYmN89gYQpT9PUpJy8bn37vu95ZPgL1A7bkX,1500.39,0.0003750975
313,9fwAE3bQY1Lyrg3roJpnj5RmQjhuTJmxRxHaS8hjrxvFJG6RoaD,1495.68,0.00037392
314,9iJruMxQArF9EXgvr1NdeqVYem4T8oTXgHj9rmEe6G8JUAQ8K4B,1465.66,0.000366415
315,9hMBJDs11mwAEK1ruaGqNHkP7XcUCe6vFf8dXaeyyKZJYBJK351,1458.9,0.000364725
316,9fbahWznyGbWspKteQChY7AmbMq3UbKbtR7UKC7R76h9wpjKpDy,1413.58,0.000353395
317,9gVaMQygQT3zopQY3AKeWQ7Li4q5cYTfYaDQZwwkeQLXbwds7f4,1359.33,0.0003398325
318,9frJCfYjyy7Zdnjtq3M2PmJDi4VV7FZuxRbrvRuRdQ375ZXcvQy,1351.29,0.0003378225
319,9fDDbpeReE5G9ysLRaj4YXQony15daz5rRigRG3d1WZLzDb6Jxx,1346.1100000000001,0.0003365275
320,9h3M8vhjsYBMsa6fgzSCVwPK1qF3ptPxxigtVPa1XUHr4rGpU5K,1324.16,0.00033104
321,9h4edmv7TTYvDVXQaYhhPW3Lvyy8QAQZfh7YSSxBxo6kX3J78ar,1322.44,0.00033061
322,9iPxH2bBCN7rMLizJUpJ5wpyhe8mKpE7tcGtmwfGS9qbh7sFj3K,1270.66,0.000317665
323,9fyrA7Ecadnkten6bAStisAy8EQtozBxRK9BkuDsoGmY1Z8QwWb,1269.59,0.0003173975
324,9i6xynUTi4zjsT6sjjhtYiM2k4azZWm4QfmYCsw2froTft8mPYY,1267.66,0.000316915
325,9hCKNDfKKdC96G1VanAchifEwpUBqx1p36wph63K7i3dmkyiAYi,1259.23,0.0003148075
326,9fJTMNNdaKX1Z692HY9RoK4qPxfSrzQ9DtqjhpMUkxVNfFWi8qt,1250.0,0.0003125
327,9hsGAr7vBRHEiSsEim1kHpA1A6LksuBsTRCjpfj3eAQC2ADDvzW,1250.0,0.0003125
328,9hFXE57fmujy3ibmEzpMFLCB2PaCcdvmY88rSFjQUU9mvSKskAS,1250.0,0.0003125
329,9i7r4D8btgHyKTHgPbMFGWfYuRUFg75DQoaSz8WRCbfHfQ6h3u5,1240.99,0.0003102475
330,9fTcYUkhBWbydaR8i6TV3HuWgw4bpqqb9vcJUuVVphza6Kb3mRx,1199.91,0.0002999775
331,9gnpsP1VwU5rjLph9jtuKRdZojDhX1Zo4Fqp7ikGfGYNbRVyZKg,1164.22,0.000291055
332,9hwwWUTaHkUQfPsg8ZurgHR5fGqLEnhxGy523Hxnf21DimMv2NS,1151.3500000000001,0.0002878375
333,9gZqU4pW5PuwfDansPZbKUvVB3PURBqyV1LNWuUeVoWC8HDNHKw,1113.73,0.0002784325
334,9fx71xgNxwQkpoDCCaYaLLcA2NpjjW24nVjWcTApynKu2ukvDwQ,1113.0,0.00027825
335,9ft8eijEUFfK5TQRZmHDBhgzRrs2MLcYq2KJp95mzWAQz3QJVYo,1111.0,0.00027775
336,9h9G2MFMkD7CtE1GnmYcHwSGQvFoLpSGsKVeYyGLGUvpNGLVdSH,1110.99,0.0002777475
337,9eaXvKJRDShsSXHx6GHsNpKY8kWPhx88Qx8nPMauTWCTj3WghZk,1110.32,0.00027758
338,9fuTSuNxe2W9Gu5eUKF8PKLZduubbKjKZK5vQQvr7ULNMtTTkcw,1108.66,0.000277165
339,9foovKP7BH24CU2bJtUntAbTnJTeVLuyyZC7SWY8WBCnRHGwEjn,1108.33,0.0002770825
340,9erPCJeAGd8BMnQkVEEAMLjsr1VnC6E3GeH6TZg3sg4GzYmvrUM,1103.45,0.0002758625
341,9fbKrErwdJzzrsb7UVoEfpSEUmKRzV468idoCXH7J4rB89WNmGb,1086.0,0.0002715
342,9fjqNQKfCpa4x6d3gLTHk8irxDknrafvKhAV86znSzHTLvc8aK6,1080.33,0.0002700825
343,9ew6Esi2QeEv1V1FzQ6h1QwxFG1FaTXnEv8zMobH7HmXMyQRkwR,1065.66,0.000266415
344,9fa6Fr9Wp4TiSB8sNEGPwPTyBxHDGhaQFFSA2bbNyNoi1LPv69p,1047.77,0.0002619425
345,9gT97mMkdAGoDRupdAEZBphsXKoJVa3YjSPL2SwKSrSfNVMN1Vm,1029.57,0.0002573925
346,9fMcUD2qCQyfQUYGsqRubHErgpjT6ZKBQTp6ZsnAHieWxfjjVXZ,1025.08,0.00025627
347,9fNQj6EUMdj6KTThySLfWkS7YA8vYiNMHHygEqA8tUvyjeWDw6m,1014.62,0.000253655
348,9hF9ojXPGCp46Y84yntQqGpNqbKZqU9EcpYyijU3vjrFEdGQAzh,1010.77,0.0002526925
349,9fHsT9hThpvdCfCJGFJLdchYvBuneskXn3K3rMbQ5zpzrwphEqg,1010.0,0.0002525
350,9fCLQBcnJSnUU5M92AVuCaaLyKBxvyWw8F8ksbvFuX9SbYaWwqE,1005.6800000000001,0.00025142
351,9eZ7pkQoz6P2KLofbCQrhQFHNRK5V4Fc6yRivfj5Zmcf1qkYSm1,1004.27,0.0002510675
352,9hbptN8N9LqpdGaW9EJEo9gwPShvNSrBjGRR5cy9yTwrzLPEkYm,1002.66,0.000250665
353,9g9GXFgQ14jvfMwZnY4XpDGpnsGSJdP7GwhWgEDLTgJrQ7QXZ2R,1000.0,0.00025
354,9hi9WsPUkPUmGou15M9rfK54BDYVvEdhe9JebTEBn9VBjti7nw9,1000.0,0.00025
355,9hPiHniYM6FwTz8A92vswJQjhekrNs2HtMA3E7Ys4bfa9gERRJM,999.99,0.0002499975
356,9g8STmjX62d1zYjqqatREzuPVojwSMvkq6cNBuZHJKgEbu1VTQ3,999.51,0.0002498775
357,9gsBwTuMNEtXofyfjdVZywwqmAVaqNt44qagTdvsd92LyozKAPf,984.47,0.0002461175
358,9ejdgnksJSwQRFrrF8gM6pmfKwqVMAsdEftdxPw6RUFGiyZfont,971.08,0.00024277
359,9gC6pXKzyoovsJkLf1jC4jBhfA8Lk1L4F77YFjNV8y62TQbLEFA,966.66,0.000241665
360,9hY7GFF77cgbk69bREMcBYkCzeX788Jk7A9iqiXShnbP3eHaAUY,939.91,0.0002349775
361,9i56joDRPcUQtRntSqioxZyyxHyk6g6WW6NT3BxL4pXJjAmAhER,938.28,0.00023457
362,9hZaEWKJ3s55FSW776o33dyzcLjgPzEcL5CjJKEQEpBbQbcJHu9,921.04,0.00023026
363,9gdyUuJkyQ8Nh9CqJr3TE9BzuUVCQxtxEpDDuQQmTE7WDaRHfjx,900.0,0.000225
364,9hZwauPwmex3CRuZkgK73xSV6JZnUxJFanFu9hHR9hMb9hPuBzH,893.89,0.0002234725
365,9gEpbaTjC95n3XB6wX6Cjohx9SDgfXQ5MhzfjayBACxvosH6M5w,887.32,0.00022183
366,9fc3tW91NTocLcGgJabiiAjc9958casRBYD3Rad93g3oiiQaKFi,886.77,0.0002216925
367,9hf3xoKoWiXQDpBnM43ixFmTHetdepPcZsFFkKccVJoiR1S1mu8,884.33,0.0002210825
368,9gXwPJAFnfao9AFk9bqtc4rbkXk1C5inZigmFisA1tc4GjvBnqN,883.33,0.0002208325
369,9hAheBQfbJvixhNhMnYJUe9axvsXMemfAsfrDPK5mXVGf4YcVix,876.73,0.0002191825
370,9fUchc6qyVcjg3LW7P3fMHq5XFQ9jLy8z9b6eSbtk6maFNoUJMC,834.75,0.0002086875
371,9gvsZ5yKcQjfR8eDWA7bx21JcBmfCeyjMGLyqXLy8SfPfCs86WF,834.53,0.0002086325
372,9hH49UfhTdhyRpyfeK6knJUx79fqNKeYS3Y5xy9LrB421zzYAX7,833.33,0.0002083325
373,9h2WndraCkyZH72gtohcgkKd2yu1k7iafDRYrPVJuy3PT9xway7,832.51,0.0002081275
374,9hbNu6G3xLgWdZF4DCDyBPQo9ALQ4v5nsQTXQ2xyNg4hfXWYGEL,818.9300000000001,0.0002047325
375,9fbpdCPtr9yKwHsc4riKNxAfJMS5oW6ZFZo8fowDtSFp28JBdV3,813.77,0.0002034425
376,9fB7uJZs4AcdrCEAsn4ccGY1DRtkGkwiRjYLsVDoXM71asEdSbr,799.04,0.00019976
377,9fuRB81c7qYKyC7xuPJ5rX1HLGgNeRvLLaqkCPgi2xN9hv7KFwP,796.54,0.000199135
378,9fdLybrcPGxwoekqTV62MuvJmXYZRtVzD4XFpG3WfhTUP1t4Yh2,781.0,0.00019525
379,9hkwSkr6ZCr3EPnbZoQEud35essX9iSU5zu4P2EwzFZvUSqrAk8,776.12,0.00019403
380,9fxKWntGpMpp29DhEA4cJxfpaua8eSzXYfDHaYWQWGdLfvPsLrQ,758.0,0.0001895
381,9hdQ95sJp1QJBtsP76mimKtSSzctbRxPUBUc29mAL6uhBsUHrHW,744.38,0.000186095
382,9eXtqhtDQnra95DSiBATb53LJfY4pz23NB6pf8oh5jUxGumsP9P,743.75,0.0001859375
383,9g7UzqBHDE3325gixRdfPgdZDohQ1tDSd5dD3bJt51qWyKrtFhE,725.69,0.0001814225
384,9i3oNo2TzhLdy7SQ4tCJuaECD8wtxd76TQf5mp8J6FGVTs4nurE,724.0,0.000181
385,9gzrMdjXLfrsiqcv7kCMWmS6hX3iVyMLNnW7YAe53Jv2uqohuju,723.8000000000001,0.00018095
386,9gk8e4gv6DyZzTifLVhRPcieuHzKe4hfZYHe6eVZsRQya1xLqc3,700.0,0.000175
387,9gikipSfjXVegm8gVMUpkritJfrqVJFEjnFp3toMMrLr6UV7gEv,700.0,0.000175
388,9gVviCWg7wx99onngAesioMZ8djArZFhjbpbcmxmHTbTWzP4M3p,672.0,0.000168
389,9euxEKCYak6LfKnVhHCAM9QWrRdKkKZpekKQB7MHGNBg99DSfud,649.1800000000001,0.000162295
390,9fWU7knVn9VnyPwukHcNpLagJQ9rc7fmeQmNVEhu9WFLaiSHRTE,645.69,0.0001614225
391,9gpawMzx93C5vXeNT59VwAcgsFkos8SfvM5vVEgebbSk3sjGmvq,629.39,0.0001573475
392,9hTBM8Q7gnxXbMiS9ETaRTxC8rf9dXQWPZe8iipSsWwKF4MyDhG,615.0,0.00015375
393,9fwBuBqfMWGVpXptud2j87KwCetoTTGcUeU8X2XFghydnHTmRyy,606.6800000000001,0.00015167
394,9fcM5RWnAjmP4vx5bnW6yohB6H9bLq8sJbaPLHtwZLtQPB32Pvy,605.22,0.000151305
395,9fiwUpZM5ZVZoj2Xqk54EhNM68N2HUkxvFby8ww17b2fjZ3yLwj,601.82,0.000150455
396,9hM8kHoeYU2fYBu8Y1mFUakpRCMcssFc4QErcj3Az1KH4HYKy9f,585.76,0.00014644
397,9gq3uSe3ZQPb8jie71PY2C96cipEGXaua93z6miP46qNs8L7A6E,585.0,0.00014625
398,9iHPGefijEETkWVtZsbtzsbVaRHHY56hU6dVsrW71addWyYbzYe,582.49,0.0001456225
399,9fhwRu7ggDTwEfkDWsEWaGPrBdjXxwt7qqAkArVQKqMDZGeo6J8,576.15,0.0001440375
400,9hGmCkUam483f8Ddx18FcAF6XPXq543dmsEBRwTTusC4H3euuKH,553.09,0.0001382725
401,9gDekeor1mkhaRTL2rmoTDdAxUnzZ2pvWq8fNKawW5yeHKuQefa,549.99,0.0001374975
402,9ghUqgLWDqAYE11xpJuVDX7NLx3cv2cdZNQ8YNYjZ4FrrQsZQ9M,544.83,0.0001362075
403,9fN25mbqMwuaK2JqDssjotQW6RHKHEK67hZmp94YQmgXY5UCh5K,515.67,0.0001289175
404,9fYkTcfHM8fuAdrfeA5F5Aa69BcPqbFccA5Yir3g3yXfiemkZtL,510.11,0.0001275275
405,9giEaa3RjhEc28rRqw3pz65VDRTRTfLw1gu5yiqKE8ZkBN9Kw3m,500.0,0.000125
406,9gr4AYijG9dithAAb2QT22FYv9nQi6GMZyTTQL2ENHSzrG1TfLn,497.68,0.00012442
407,9g9nT2aa7NigUgDYG1ekYk3V7Lu77aQSTqpWHVrPBdVSSzAMGrY,487.86,0.000121965
408,9fKvgEdCPF7Xm9RMkA842sb8c7xuQVrFh81PFqY3zFndkfoaKky,449.84000000000003,0.00011246
409,9eoebNfAo4TM1dj1gGRxSGLmGLpZJmZN8Cpm3H1Fe6fiJdjEKd6,442.59000000000003,0.0001106475
410,9hBjMTXMLPgbvFS2rGCGSZkuEc4zn6KSCzPxshMcuzKhoXM2ms8,421.0,0.00010525
411,9hrCZ9FFC3vB1m7AuPkxNnh42Lm5ReF3KvoXQpErmyNzq6Mvryg,418.85,0.0001047125
412,9fs5ZqB1pXe8vufUn7Xg2eb9jUy9anF7snW8zWvn3U7A9qfcfyg,416.66,0.000104165
413,9fHYrR2qptHF3ADAfvpLPNmebjXiLje549h4SQb2jzctNtyGdsC,415.87,0.0001039675
414,9iFmAVduZWpWTg3nL49XLSiPiVswsK2vTCeT6MqE45dV1bmVW6Q,411.41,0.0001028525
415,9emN9F2hoKvbd5oDDV55BnTrMU1TPuHsZguhVFthoEmCg4uTrS3,408.5,0.000102125
416,9epk7jYQfXqtxpwQyBkYgTcRczvHZweHkkesVwhEZZ1JpmpaY5p,403.56,0.00010089
417,9gUoSFYMMZqxdzyuaG7SbTVb76h7dzwRRzDZJ1wpLgALquoQMQv,391.66,9.7915e-05
418,9gNtCRxiv2QwscNzakadzLsurdhkLLmhFjrGEpC6maTN3z7j3hC,379.33,9.48325e-05
419,9hM55TnDA9P7j9GqHQwGCfotPi6fqfytT5XSrRnMvLbqbxSxFN5,377.66,9.4415e-05
420,9hy5N7teqySHMi36KQiwi3XnJGa8iatcFpo8Y435Ajn1u1R8NBH,377.05,9.42625e-05
421,9ff3GvyDcswQnV6dfZnvJ8XJwyg1dqYngJKqoL1fVK74v8pD9Vi,374.68,9.367e-05
422,9hMGkA1Agcr7QreoU24qiGCJX8tLkvoK71D7bcPbdYufEqYH6tZ,369.79,9.24475e-05
423,9gJtZu9v7wA5SThfiFE26VUYWDadz4owpaMFcqncNEUtLdtagg7,354.66,8.8665e-05
424,9fe7jdkMyeZY5kaXh141F67b5Fmrdk38YeNnTJzo2WRVPBRKmEW,347.0,8.675e-05
425,9faNiTaDhQBX9kKFVq3vrpg3SGLGfHmMTK24qJyT1DCB74f7Vx7,342.47,8.56175e-05
426,9g9TxLDb3taBahuBFZS7jD12NbcC7vYE9b8HQjWZW2kNL7GxPWa,342.03000000000003,8.55075e-05
427,9eYR6HZmwMYF3iSaKHDvWGzd2BmB5868N2mdeLRKVhXTwGVVoHH,340.28000000000003,8.507e-05
428,9ggRXj4spfFuq2xJ6iLgkbkdmT4feazd5dV8bpu9fExtwRHNG1G,339.25,8.48125e-05
429,9fnF9YY4jtHfHc7C4wLa3o54N6m9ZS9bXdpi2B65kuagNXXWkAe,333.33,8.33325e-05
430,9fLScgswoek5kEE2ukPaWGoBaToRsdgmqqfij2Xj6ejrMpwHrQS,314.65000000000003,7.86625e-05
431,9f5vwtxyRP87wmc8ezyKbL7ryaNhDrgWUVBEZpQKnw16SWceKR9,306.66,7.6665e-05
432,9hLptvTu46iLaZzkcBcvPCrbfW7r6itEk4uFTHhwNfjQqS9rCY8,303.51,7.58775e-05
433,9hjxyrYaKtBu1TA31BMaXFiWDXVeMr5XLDWHPYnaJJQBNscTEYq,297.65000000000003,7.44125e-05
434,9gPfKRzFBxE6EQWeD59chbejA28MQTyZGuMzguqmYnFZqitL2Ej,287.86,7.1965e-05
435,9fcPCnaNZeZusNZcqghpa2Tz8ZVDkV9vY6GJtwb3P1qHQVHwZzj,283.95,7.09875e-05
436,9geVL5bkLBJrQs75D1FgBPyfyLbxp8kSj3qkzJAk1muad3uL3iQ,282.31,7.05775e-05
437,9geraur71CDQ5F8avUwd6z39gG8KeMcdw2ZswQS5rJ8qR6MTgaK,281.66,7.0415e-05
438,9hXubfbRSZbhYmwRNemraR1LP1bczYYbVfEVRbbFGhH1YyLq7sZ,279.77,6.99425e-05
439,9h84cUWV1D71dMWK7tPCEdve8dCaMy1UjyxgR2GYvVzRScGRuw9,279.6,6.99e-05
440,9hFKpeMKccJYSCskJLN9oG7Q2VHXVhNRTMdeBoiYEEEsdo5M7iB,266.31,6.65775e-05
441,9f6kKpMPcGBkNT5wVB3Z4m6b1p9zULXLSLT79JMTnMhrfpJMe77,256.41,6.41025e-05
442,9gN5Ak9umufapF9etGXykQZqNU5Ro1ShN4PuHxnsG8211iYMKSR,237.0,5.925e-05
443,9hTfzhSJaFMaUehqu71XDF87KXs8wNHBUM8UfeiZp2Tye2NHq1t,233.01,5.82525e-05
444,9gtLvQkgGZiqH8JKK3H2MZLBspBDXBjozMGQvZzv2BzVWxYFAKp,231.63,5.79075e-05
445,9fYDarJBUXbwgWYCQ7aubqXkcGH73UbdC2eDgf6D55e4Z3uQNG9,229.63,5.74075e-05
446,9gsUZfgsJtJfqbh2SUsNKAxNMZ94sbLphGGS7YM1wL1TrNbFKbL,203.3,5.0825e-05
447,9fDmRA4hHSXBDoWnbDu8pk2Sijw1AiWjfJXMksE65FRCnyhNaWb,200.67000000000002,5.01675e-05
448,9gV1XZVSj8tNJivTSppnVsmjEpGDt51ePqpDd9cMWdgZs8ox7pG,196.14000000000001,4.9035e-05
449,9fZp4pXSHnsqoKKnNg1Kby8C6x2v2BJEK7U71rK9fJ2Gv7ARw5G,185.0,4.625e-05
450,9hVZpupcp4yw25HfWzMsERhiKp5KXWcr4EUBJffYoQQbJPB81DA,183.56,4.589e-05
451,9evUebiGfxxH8qGBswijzsUaozUjQNDP3fpsnLpy4tC1KuqKUcN,182.12,4.553e-05
452,9hx1VNgBUygtkYc2ZFeDNbb1DE7YYxsNto1APVRN1FvLubM8m9m,182.05,4.55125e-05
453,9hLrZ3VA87DDCdEevV5n4fGwyckNC6Y1VEJUDo3j9tMRL1s5vCf,180.0,4.5e-05
454,9hmJctVejUhPcJ8PjkYAZAbLkAqYbHqRdPufKiFVbEtCvXRcShT,179.23,4.48075e-05
455,9fwnaT9VCCMBwgbavdnaTJpcZhwBoe1GTCUjmzou6RsMwpcnJzk,178.73,4.46825e-05
456,9hhbQHeQcWyqwYHThwX3qE7Q9oWBhS9bQ6FCYuaHC9LpPYHif53,175.49,4.38725e-05
457,9ej9KHu6SUPxyuvnUCCKoK9L8FDBPfUf5uTHYVVf8vnnZnXGyjD,174.66,4.3665e-05
458,9gzFexBuxJySNj5G5CoHHzrbrsXCeah9srpkNR2C5ETdRunhjQW,166.66,4.1665e-05
459,9g37sExcgckNNMbs2n7p19ti5x9u8zAKTfQevLNjvFC1wDoBFmE,162.62,4.0655e-05
460,9heBaMh4SPqLHocyoeN9tEVZv8GQytaa8GY5UhhxsB6CTydXX84,156.61,3.91525e-05
461,9foRd8ww7KsPQv8vgcKjTbUDbNPGcqGrGDJ4fMWnQpZGuppFiiP,154.82,3.8705e-05
462,9h64z45mf5Vk2bN7JsAHP7vedYjZG7kPpg3fGxCD7C223i9tiUF,150.0,3.75e-05
463,9fWGu8E4ZTj2AKGEAtBLAGRGjoKrT1fQavEcEbG2Uh5XJHHddhS,146.76,3.669e-05
464,9iG2eTkf4ermwVFyJVAqxsvaLWH5srUb4jzWKEbXYmPS8CsY6tv,136.78,3.4195e-05
465,9faKNSt6n2qNs6yCw1giiA4XudMBXPGWX6F1NrdGmpjCXWDEfWK,133.02,3.3255e-05
466,9gZJsJMvMvaSaoxz3quHzevnBDD7xS92x9bqJYtfmcqGokf7R4W,132.83,3.32075e-05
467,9f5SB6jd2LaWEvFGgyj8hMZXmavjV5xy3mpAVanLMUUqNg2xYEV,132.47,3.31175e-05
468,9hFXeoitz9zoB32spWauBkofXaHj8uQeh9kuQzs8rHUnMR8NURr,131.48,3.287e-05
469,9fzQ2yW5yw2RB6ZmriFoa3g4smKLdXHThvbcwftWYd9fipEx5Na,129.58,3.2395e-05
470,9huogZTshTkHsosCdBArzhdf74AHpYxDzGWaeUxyJKDwB5BDLhn,128.28,3.207e-05
471,9hmPbT4RYW3TPwFrQQWx7UK5hMSYqoMSEhj4dxoaxwuCDDph6nA,127.38000000000001,3.1845e-05
472,9eZp74TJZY2Gzcraw3sSA2rwt92z794C5KZ6axx1J7Qh3vFDbbh,126.87,3.17175e-05
473,9hXYGoLmATKjKpcQbia6imYhKEorSHAmfw9mEmsHzM1DEkdea8k,126.55,3.16375e-05
474,9fTeGYXd1gDs6TUMzP4CW3gSSNJgbLRjPMsBkanfsY24cAwDk6X,125.72,3.143e-05
475,9gNtrKXQDVxSzUP2C2RyiLbjYkc7WxAMvve23S23TyBmWXX6hSW,124.96000000000001,3.124e-05
476,9h9hiGrSGYnRPqoRQoVcRRGtvKi3vFRvLtCC4Frq2h5UxJQnJ1t,124.72,3.118e-05
477,9hPjkYKNomekDcCxoDJHdfQsviohnv5y53rbE6mwzWPE3vP6G6o,124.03,3.10075e-05
478,9h7tDdtoogPzVvFNdYEGUxaee2Wtz4JzMj5PQJ6vc4nXu9LqYPb,120.33,3.00825e-05
479,9foNpE6BF2zAi42zmj2cYiT82WTRRN5RuT6TyNZhXgPffSvhS4z,103.66,2.5915e-05
480,9eia8RpEKJ21tyfXaiAMvbxGQ4SqJPXe9vtiPMXf2mt3oHPvpWe,101.67,2.54175e-05
481,9hp1xXVF8VXkYEHdgvTJK7XSEW1vckcKqWx8JTHsAwwGzHH9hxq,101.2,2.53e-05
482,9fgxG4aMpc5FGJfxRRPDvqTq9Y9WiBcZLsg5d6czamX5XuNKM5g,100.66,2.5165e-05
483,9hgXREazgEvdMrGiiN9LT5TjR87LYDAatoqbJYbtoAmi5YkRodJ,100.0,2.5e-05
484,9i9eyjvBiPVdApCvDquuUaqkaJgeuatSdEQERMcgLkZgJFmrvEu,100.0,2.5e-05
485,9h5MupKo6CSGZuhhvxRGJedR2g47y7HWtNyBfqgqZrrsRdYAmZ1,100.0,2.5e-05
486,9g5G5FsjmY2YqkRC24TFiQ7BrZ2E4VnMpKHX4cjBvJqh5ifA5mq,99.43,2.48575e-05
487,9hrnR5BJ535Tdaa5o2F6t2x8CuTtAZwpevGyzPun7m3tVLLJfyx,94.15,2.35375e-05
488,9evGKMT4SkjxcnYNjWaeTEaU2TwNWPnjqVoicoHuDuchcAREhVV,89.35000000000001,2.23375e-05
489,9hpYvboA9nvLRxBHTT66ABK7S6k4wxw3G8wDEJCLRAKF772pB8n,88.33,2.20825e-05
490,9es2vtaz1SyudVyPfYc6YeNJtUXkUn6J3ScjkQFWdrrGb69PSJc,86.0,2.15e-05
491,9iAq4aCUr7Q6GD6SK8c12LAiqdR2Eso5AqCMQe3SizZXW9Bu56M,85.84,2.146e-05
492,9g2ymVEpDJJUnVYZiciaQx1duj4jcwdr251Qy3S6G9ovjg9Wm6a,85.10000000000001,2.1275e-05
493,9gktTatTxGBbdWFPkuBvJeoiBkZjFvvauvxhiod3YCwb7iAupxx,82.21000000000001,2.05525e-05
494,9gBw8tdSDVCEVx4We5xUKVQCVJivgJA5a2uz1QvgrpfyeaYi1pz,80.0,2e-05
495,9he4FmwjS8pVdkmpT5A2sdtet8PZ7VwyP35cZphejQ9Shs7hkFu,79.95,1.99875e-05
496,9gy2FR4SrkYKL6ZqEpucUNa4Rf4tUDitJk3CM9fanDvuuf7PrqY,77.75,1.94375e-05
497,9gUL9vLuCmAaaMaGKKs5bACKGdBxkjt13hSavY8NEvNntKkns9T,71.66,1.7915e-05
498,9eayp5KZiudis7a81HWZWJe29fvCBsKxeca24v9vZaKb8W8E3hx,70.74,1.7685e-05
499,9gnB2fmxxeRUXV1xUwySVq17XjMFMZZAu6cAFwm257TSGMsK8w9,70.0,1.75e-05
500,9hKha4KfqVSLFdvow9hjc7sxxFYg64cRhR75TDSfmv2YNtDqBi9,69.77,1.74425e-05
501,9fRfMuYMTzMUDHuzbiUAy1MySuZE8z5t2rdAinyHQtjbijSSny8,67.32000000000001,1.683e-05
502,9h1eKsqqLeVRpXVc8aQKSEJXeSSnDqybE7gGLX334GkfHGRus6n,64.63,1.61575e-05
503,9fN51mdSEDXfdfJEnD8M6A3FhQabtiXbiS8RY4ekQQNezeL33q7,61.04,1.526e-05
504,9gf9dTNPfpF8RtsJTaNu1XTqxjsbsGHHdmtTi9RgX3RbiLrTyBQ,60.0,1.5e-05
505,9iD7JfYYemJgVz7nTGg9gaHuWg7hBbHo2kxrrJawyz4BD1r9fLS,59.160000000000004,1.479e-05
506,9fgEX5JvB7Sc8xJAa5FJfPB9Bm6eewv4itMAeUmaRS6p3gkvhGF,55.59,1.38975e-05
507,9enpJGdUUAxhZkY5Je1qvSWwDYZbGbFVt588hyx8SyJGeQR3qcR,52.59,1.31475e-05
508,9hqCQEjfx2aLwfVBCrLGyAhnTgZPbYYwiQVrLQhxxYPQTKd8esX,50.0,1.25e-05
509,9hfgy3XavbKPViKArebUc6Jnczj5Wf1jpnzSfADGNuh9Er2PW3E,49.95,1.24875e-05
510,9fTYM8m8r5f7coNsqWdusLWMoxVEzE5CrZs8e6yNNydwqCQxTy9,46.39,1.15975e-05
511,9fuJpEWJTUDXpXKu1MahdSAuGLTUE7Znai6pHYGmAMfBpamBehn,45.11,1.12775e-05
512,9ewDzPigvarBJeT2M2QDJFRAZHEtWotdkSb6fUBFqJxnWHSBPBq,40.88,1.022e-05
513,9ewA9T53dy5qvAkcR5jVCtbaDW2XgWzbLPs5H4uCJJavmA4fzDx,39.88,9.97e-06
514,9hQtCfa7iBASDrwTShg6vxsM21K5GyA8d57J92JgjeAkahNu6tV,38.19,9.5475e-06
515,9gnq87xcSobR5KSWVUoCSP8s4NCJpc42ZfkLWtdhfhzBVt6bcMS,38.0,9.5e-06
516,9hiqQ9sWsc7EPqpwr2D42zsYKwhzAoRDAjzz7xJs9bz4JWtbQQN,37.42,9.355e-06
517,9h9B25wCRRMeBAsrpK5zyU3rf4QRcJtsr8crRmftGPadhaAvSM5,34.38,8.595e-06
518,9hPjM8tHXbEuqcHW6t4p828sVVFMNBMDTBkmRyqfT7JdFCki88b,29.34,7.335e-06
519,9eeTTnk1xpraTzVWztdYA9XraqaqAq9tky7g8UHheDFyqEMHEmd,28.29,7.0725e-06
520,9h2MxpkSsDVByseBp5nPBUaedoUYj7YVNkTMDYgsoSQsgrzcCRA,28.11,7.0275e-06
521,9fkHWiDnWum8HyBeyaSKnr9u2uSSUZ2xW4bumqrYrvF6mXbB5jA,27.66,6.915e-06
522,9hR4UAnF2FEUdJvWs4qsM7A7neZwzedmEZGCcCW5VXDbXhJrpKh,26.490000000000002,6.6225e-06
523,9f9ZnSnAoB6iYgpqDQT2C9zFo4uf3YBe7V1D8GCyb3U84oZGaKf,25.16,6.29e-06
524,9foGFgAJukvT84qfPbPnzPPRm1CqRfLXAmSyMnjYJfJJf7KLqpk,25.16,6.29e-06
525,9fmoaLx7YVVQryPhwxGK3XRSZ81hm41gJZbGRhqxYemXEc5niPj,25.1,6.275e-06
526,9gAPS2STiAPcZvx58fcfXapyKuFoBckHZdESjNhrftMhp55CQPQ,25.1,6.275e-06
527,9gD2D4d17SfGvVsYL3EcPgq6qexeRuA7xHyBSaJ1aMAVtwDehXr,25.0,6.25e-06
528,9hnAT6Q1JE6oo7AQoVJnQmC2JjcszmMzgWpWJwr9kvMZAXEP62y,24.330000000000002,6.0825e-06
529,9fyTcBkcSTuxDW6oQmvjmpsrtH2ruAqEb7gLU9negdfaUQ3nKut,23.0,5.75e-06
530,9iCzZksco8R2P8HXTsZiFAq2km59PDznuTykBRjHd74BfBG3kk8,20.0,5e-06
531,9eohppETTzzdoshPczyzpNn38cTrsL2BbqwuZCSrZEU19gUtCeo,18.05,4.5125e-06
532,9gsPiHSxjdjFCnBbm3gJXsx4zxk9m9EN3nVbeFx89xgYxsUQ9Rx,17.26,4.315e-06
533,9fLQMXmZZxgvTNYTYRYnP7ML1ifVsZjvG56RD2XoVHira3QTdMD,15.700000000000001,3.925e-06
534,9ewjBGfWL4aowvqVkz9ZNCvXyhyqE1FxNroGr5HZs3exPnn85we,12.02,3.005e-06
535,9eebBgt5LsEG2Xqrvrphv2TDaTpMgAbMr1xyteWBx99rLV2p5xZ,11.05,2.7625e-06
536,9ehFA6F4xxMdsBJqM4pMSvz14GecgHJ5ytu4m1QWJ7AUN37Dnmb,10.0,2.5e-06
537,9fmmpNtxpYe5rFB5MAb4v86FFvTXby5jykoLM6XtGyqwEmFK4io,10.0,2.5e-06
538,9expTJn5n89HBtSyNJywfutNuVvbE4ZkJXnJXoC7h5RLmT3XqaH,9.0,2.25e-06
539,9h4SS7vUxsP3mnJ6dGSExL1sPtdFW4k1F2nmnDmTreiiZLF9nNg,8.92,2.23e-06
540,9fJVPydhnJjsTFmdQSE3naYB56gms8pEgr3uvXM6A2qiMvyxMaG,7.74,1.935e-06
541,9fUnLJecdUeoubaAcRw89WDq61LF8z5YHMYVgcWgpYUFqhCT2kD,6.3,1.575e-06
542,9g4v9qMyiaWabAQuEBughWgSwZC7bXcGMozR3uZHpt6ZstyTVtr,4.84,1.21e-06
543,9hyBRkUaMyAY829e24fopSGLRwroMDZXyk8NyeJVfyNRccseX2B,4.53,1.1325e-06
544,9iD2NAsMUHqchA7HE9Ab6pX6nEk3QQquG5M1MFg2RbFb47qNEYS,3.7600000000000002,9.4e-07
545,9guVQn9srTcrUbvUTviFjMfhKHRWt6cMZdWoo4s2xS3iBXPwCi2,3.5700000000000003,8.925e-07
546,9ekevGGXPkMZeChCdjvRCkXaKKfLL5XJApF9EM2CCEzfE8ADexm,1.78,4.45e-07
547,9iJrafAKt5FM8WVvVxkmPEUzGeU9jRKCgTJ9GNbAJbdKxqtU9Pk,1.78,4.45e-07
548,9emdMz3X25i18iuZDDWKu2NUuzMRJBKPy8645rXcA1C7vf8p9GN,1.78,4.45e-07
549,9eb2nLBRjYxrft9ZCQEUBZu6nK977CpvuseKjnkZE7q8WQC6xeK,1.78,4.45e-07
550,9hPUMZKkD8PKSh1VX4rUN8QJM7tmH2F6WGXsBqXavDzhkiCuRE2,1.78,4.45e-07
551,9fhf1jd7xAFgmEREKLK6M3rJQ6uerWjXVtg4WG7KXp2gXB4uaoR,1.78,4.45e-07
552,9gx8RgUqWKQPhyVXcNxhkNLuxs8aFMf3fWTKDFj6Crk3P85GbJA,1.78,4.45e-07
553,9g8xeWyNhePikbD9a4W7WVTrrbLTxRAG6sziN8Df2CpZBdQH9gx,1.78,4.45e-07
554,9gJTKQdxmFPbqjC2T5DUbbbrUkm9USG29CRaCF58JkaWuUF5Huc,1.78,4.45e-07
555,9hEw4jFsaGFhojxhkYFnmoysVt4GGeDWai5rBvRvJLgJjaTZSzA,1.78,4.45e-07
556,9gRnFdQA9sJPQzW4RWyycGpeqnFCgEVvHNnS3X2dnKppABoyZAF,1.75,4.375e-07
557,9fPSMUZJDHjHF6akQN6GSHNjdcfaDeyK1expMBMadbdycyhZVeD,1.67,4.175e-07
558,9fd8hh8jtQygKvaCKqamZkPmBmUWF8MmmdFsvQp1KTM1ZGiV7rq,1.4000000000000001,3.5e-07
559,9fpJBkr4mqiYjsc2kphpiJybzCYzRWbZVCWoeq2nE1xNxxWuYTS,1.27,3.175e-07
560,9fGtxJQUr6CBYhyyduaMbAzLyAwvhuuVpRxnH7jCPPfxxvXDgMU,1.0,2.5e-07
561,9h1LkiPjT44NkDzEhqvD9ThaYH7m5dKThrdD4vxzSHWfcLYEzGC,1.0,2.5e-07
562,9i7wpxtgYC6BDGhxm5R3x9f55kPzpRgW6E45mVAmRPXtDnGNkb3,1.0,2.5e-07
563,9hxJY6s6xZtcG1KkQmt4JoXqCHecA7wzUpWzErCxcz44zyKgpKQ,0.99,2.475e-07
564,9edrTnd3rnchJqWRBzbU2CAVa6mQSEKNQHLhYirEcCvmj21QJ52,0.99,2.475e-07
565,9fPv8sfEujyfnmvXUuS9H2LJQQAwyr5joDjqPLCRU3z6CzsdL2z,0.99,2.475e-07
566,9hHm3zgSVaW4c5a3fxoZs4PvpypFG1VnF2SmkXG6hnBoqTfX9VN,0.99,2.475e-07
567,9hwFX99TSd8ijDLzpGtPc4LN8QsqfYRySPi2enuqdTLS9jps6Vw,0.96,2.4e-07
568,9f7Z1YHix6w56HtzvwrhpLsCbkwSRj259A4q27eXirozHJGJTbV,0.6900000000000001,1.725e-07
569,9gUj6j5677ae3Y8cWrRRkAK8BsUidfaVydbFQTd4jN4H2Gv7cTi,0.66,1.65e-07
570,9gFHv9WCGCyBh6E6bJDmq7NWK7qhCUYkqXptHaQbGLnJkppPt2B,0.66,1.65e-07
571,9huCzVn5v2fr9jZqemWzdavVs3tWKakbvNf3m4NXh2ZQ2h5xDNW,0.51,1.275e-07
572,9i8hgCX8KqfoJ8u88m5bVBoaxYcFffGfnNpktQBdPPN1SGyA2UU,0.35000000000000003,8.75e-08
573,9en3Ya6KDuDdbu9vZkm6kUr6bkqo6q7qzzUont2nU5wWgpBDYjM,0.34,8.5e-08
574,9gfRpCfboezHJp3rAFEmve68CYDNnNMEAqwNVhrek4f7KJMU3n6,0.33,8.25e-08
575,9iAhqGvA7dqDykKnUmPjxhwxjx6Xb666RvaYDFKDhxeHPkTTLGH,0.33,8.25e-08
576,9evEqBBnhLSpkZbkcwMvMhWwe5XnxpGhnD2HQHbejLwjVXQwXN2,0.32,8e-08
577,9iMiCmiA5Xu2vvZvVobz4ELiQ17aca4GM3PrXdSpUtiecVKYCHi,0.29,7.25e-08
578,9fWMsmKU7zdaiP3YsCzsDMicmHwEGFtfFznXPaq26wMA4cAPrLL,0.13,3.25e-08
579,9fLztEGnKPBLdskJwMy86HuonqmgaLsKNxf1EEYFa7QZ2afYnPW,0.11,2.75e-08
580,9hVKkjrxev4abZuo9Ts4XHYWoKUv5KPb7uzMp2ZaUw7E4xHRFon,0.09,2.25e-08
581,9eaR9dcyxNV2YNVzLvradzycbkZvNF1Do1bTz4koDp4j1nhecWQ,0.05,1.25e-08
582,9fietBccjHwLwKLS9W11E6AvmVZnNi84pBHxT1z9Fr9x1KkyBJh,0.04,1e-08
583,9fhMdd7HecB9AeryrHx3dnSdX5uMbahVxyhBugU4oRgcWxjtjeG,0.01,2.5e-09
584,9fBtyC5oNvdY51gCrfTJh5NMQUdjxxsf83rorTZcKWwoYTyHnww,0.01,2.5e-09
